<?xml version="1.0" encoding="UTF-8"?>
<!DOCTYPE ui:UiBinder SYSTEM "http://dl.google.com/gwt/DTD/xhtml.ent">
<!--
// @<COPYRIGHT>@
// ==================================================
// Copyright 2015.
// Siemens Product Lifecycle Management Software Inc.
// All Rights Reserved.
// ==================================================
// @<COPYRIGHT>@
-->
<!-- UiBinder definition for the CreateChangeView -->
<ui:UiBinder xmlns:ui="urn:ui:com.google.gwt.uibinder"
    xmlns:g="urn:import:com.google.gwt.user.client.ui">

    <ui:with type="com.patac.checklist.resources.i18n.ChecklistMessages"   field="resi18n" />

    <g:HTMLPanel  ui:field="createVaBpPanel" styleName="aw-change-createChange aw-layout-panelContent">

        <div class="aw-layout-panelHeader hidden">
        </div>

        <div class="aw-layout-panelBody aw-base-scrollPanel">
            <div class="aw-layout-panelSection">
                <g:Label ui:field="newChangeTitleLabel" styleName="aw-layout-panelSectionTitle"/>
                <div class="aw-layout-panelSectionContent">
                    <g:HTMLPanel ui:field="createInputPanel" styleName="aw-change-createInputPanel"/>
                </div>
            </div>
           
        </div>

        <div class="aw-layout-panelFooter">
            <g:Button ui:field="saveBtn" styleName="aw-base-blk-button" text="{resi18n.create}"/>
            <g:Button ui:field="submitBtn" styleName="aw-base-blk-button" text="{resi18n.submit}" visible="false"/>
        </div>

    </g:HTMLPanel>

</ui:UiBinder>
