<!DOCTYPE ui:UiBinder SYSTEM "http://dl.google.com/gwt/DTD/xhtml.ent">
<ui:UiBinder
  xmlns:ui="urn:ui:com.google.gwt.uibinder"
  xmlns:g="urn:import:com.google.gwt.user.client.ui"
  xmlns:c='urn:import:com.google.gwt.user.cellview.client'
  xmlns:uiw="urn:import:com.patac.checklist.internal.ui.common.widgets.prjtree">
  <ui:with type="com.patac.checklist.internal.ui.common.widgets.prjtree.Resources"  field="resource" />

    <g:HTMLPanel>
    	<div class="aw-layout-panelHeader">
            <g:TextBox ui:field="treeFinder" styleName="aw-cus-search-input"/>
            <g:Image ui:field="btSearchSimple" styleName="aw-kbom-blk-button" resource="{resource.getSearchImg}" />
		</div>
		
        <g:HTMLPanel styleName="aw-layout-vppsPanelBody aw-base-scrollPanel">
            <g:HTMLPanel styleName="aw-layout-panelSectionContent">
				  <uiw:ProjCellTree ui:field="m_tree" styleName="aw-cus-vs-tree"  />
            </g:HTMLPanel>   
        </g:HTMLPanel>
    </g:HTMLPanel>

</ui:UiBinder>
