<?xml version="1.0" encoding="UTF-8"?>
<!DOCTYPE ui:UiBinder SYSTEM "http://dl.google.com/gwt/DTD/xhtml.ent">
<!-- 
// @<COPYRIGHT>@
// ==================================================
// Copyright 2017.
// Siemens Product Lifecycle Management Software Inc.
// All Rights Reserved.
// ==================================================
// @<COPYRIGHT>@
-->
<!-- UiBinder definition for the C7tDefineFilter command panel -->
<ui:UiBinder xmlns:ui="urn:ui:com.google.gwt.uibinder"
    xmlns:g="urn:import:com.google.gwt.user.client.ui"
    xmlns:uiw="urn:import:com.siemens.splm.clientfx.ui.widgets.published">
    <ui:with type="com.patac.checklist.resources.i18n.ChecklistMessages" field="resi18n" />    
    <ui:import field="com.siemens.splm.clientfx.ui.databind.published.view.IPropertyDataBoundWidget.PropertyLabelDisplay.*" />
    <ui:import field="com.siemens.splm.clientfx.ui.databind.published.view.IPropertyDataBoundWidget.*" />
    <g:HTMLPanel styleName="aw-layout-panelContent">
        <div class="aw-layout-panelHeader">
            <g:Label ui:field="C7tDefineFilterheader" text="{resi18n.txtPublishState}" styleName="aw-layout-panelSectionTitle" />
            <g:HTMLPanel styleName="aw-layout-panelSectionContent">
            	<g:VerticalPanel ui:field="titlePanel"/>
            </g:HTMLPanel>
        </div>
        <g:HTMLPanel styleName="aw-layout-panelBody aw-base-scrollPanel">
            <g:HTMLPanel styleName="aw-layout-panelSectionContent">
                <g:Label ui:field="C7tDefineFilterbody" text="{resi18n.txtProps}" styleName="aw-layout-panelSectionTitle" />
                <g:VerticalPanel ui:field="attrPanel"/>
            </g:HTMLPanel>
        </g:HTMLPanel>
        <div class="aw-layout-panelFooter">            
            <g:Button ui:field="okButton" styleName="aw-base-blk-button" text="{resi18n.okButton}" />
        </div>
    </g:HTMLPanel>
</ui:UiBinder>