<?xml version="1.0" encoding="UTF-8"?>
<!DOCTYPE ui:UiBinder SYSTEM "http://dl.google.com/gwt/DTD/xhtml.ent">
<!-- 
// @<COPYRIGHT>@
// ==================================================
// Copyright 2016.
// Siemens Product Lifecycle Management Software Inc.
// All Rights Reserved.
// ==================================================
// @<COPYRIGHT>@
-->
<!-- UiBinder definition for the SearchPanel command panel -->
<ui:UiBinder xmlns:ui="urn:ui:com.google.gwt.uibinder"
    xmlns:g="urn:import:com.google.gwt.user.client.ui"
    xmlns:uiw="urn:import:com.siemens.splm.clientfx.ui.widgets.published">
<ui:with field="resi18n" type="com.patac.checklist.resources.i18n.ChecklistMessages"/> 
    
	<ui:style>
	.cellTable {
      border-bottom: 1px solid #ccc;
      text-align: left;
      margin-bottom: 4px;
    }
   .normalButton{
		width: 0%;	
    }
    .pix_lst{
       border: 1px solid dodgerblue;
    }
	</ui:style>    
    
    <g:HTMLPanel >
			<g:HorizontalPanel ui:field="cpn01"/>
			<g:FlowPanel styleName='{style.pix_lst}' ui:field="cpn02"/>
    </g:HTMLPanel>
</ui:UiBinder>